first_name, last_name, email
Lisa,Harris,LisaHarris@gmail.com
Andrew,Osborn,AndrewOsborn@hotmail.com
Samantha,Brown,SamanthaBrown@live.com
Brenda,Brooks,BrendaBrooks@hotmail.com
Taylor,Daniels,TaylorDaniels@hotmail.com
Taylor,Cowan,TaylorCowan@live.com
Ronald,Dickson,RonaldDickson@yahoo.com
Jacqueline,Grimes,JacquelineGrimes@live.com
Julie,Spencer,JulieSpencer@yahoo.com
Joseph,Mahoney,JosephMahoney@live.com
Craig,Miller,CraigMiller@gmail.com
Jonathan,Smith,JonathanSmith@hotmail.com
Beverly,Osborn,BeverlyOsborn@yahoo.com
Taylor,Lopez,TaylorLopez@live.com
Jacqueline,Sampson,JacquelineSampson@live.com
Taylor,Campbell,TaylorCampbell@live.com
Debbie,Berry,DebbieBerry@yahoo.com
William,Lee,WilliamLee@hotmail.com
Jaime,Reed,JaimeReed@yahoo.com
Kenneth,Barber,KennethBarber@yahoo.com
Ruth,Grimes,RuthGrimes@live.com
Tanya,Carter,TanyaCarter@yahoo.com
Richard,Johnson,RichardJohnson@gmail.com
Kaitlyn,Dean,KaitlynDean@hotmail.com
Dawn,Ramirez,DawnRamirez@live.com
Andrew,Alvarado,AndrewAlvarado@gmail.com
Jason,Dean,JasonDean@gmail.com
Jaime,Sherman,JaimeSherman@hotmail.com
Sandra,Sandoval,SandraSandoval@live.com
Brenda,Brooks,BrendaBrooks@live.com
Ruth,Lopez,RuthLopez@live.com
Holly,Brown,HollyBrown@hotmail.com
Tanya,Johnson,TanyaJohnson@hotmail.com
Samantha,Rodriguez,SamanthaRodriguez@gmail.com
Paul,Daniels,PaulDaniels@hotmail.com
Paul,Sherman,PaulSherman@yahoo.com
Mary,Wallace,MaryWallace@outlook.com
Taylor,Sandoval,TaylorSandoval@yahoo.com
William,Berry,WilliamBerry@live.com
Tanya,Sandoval,TanyaSandoval@yahoo.com
Alexa,Carter,AlexaCarter@gmail.com
Brenda,Peterson,BrendaPeterson@live.com
Eric,Peterson,EricPeterson@yahoo.com
Brenda,Porter,BrendaPorter@gmail.com
Alexa,Sherman,AlexaSherman@gmail.com
Amber,Daniels,AmberDaniels@outlook.com
Samantha,Sherman,SamanthaSherman@gmail.com
Jodi,Johnson,JodiJohnson@gmail.com
Eric,Lopez,EricLopez@hotmail.com
Tanya,Alvarado,TanyaAlvarado@yahoo.com
Kristen,Wallace,KristenWallace@live.com